part_id,mode_survey,group_yn,group_n,include_all_contacts,num_left_out,group_age0,group_age6,group_age12,group_age19,group_age60,group_age,group_cont
1010101,S,1,40,1,NA,0,1,1,1,1,age6-12,Group Cont
1010102,S,0,0,1,NA,0,0,0,0,0,No Group Cont,No Group Cont
1010103,S,0,0,1,NA,0,0,0,0,0,No Group Cont,No Group Cont
1010104,S,0,0,0,10,0,0,0,0,0,No Group Cont,No Group Cont
1010105,S,0,0,0,2,0,0,0,0,0,No Group Cont,No Group Cont
1010107,S,1,20,0,15,0,0,0,1,0,age20-60,Group Cont
1010108,S,0,0,1,NA,0,0,0,0,0,No Group Cont,No Group Cont
1010109,S,0,0,1,NA,0,0,0,0,0,No Group Cont,No Group Cont
1010110,S,0,0,1,NA,0,0,0,0,0,No Group Cont,No Group Cont
1010111,S,0,0,1,NA,0,0,0,0,0,No Group Cont,No Group Cont
1010112,S,1,21,1,NA,0,0,1,0,0,age13-19,Group Cont
1010113,S,0,0,1,NA,0,0,0,0,0,No Group Cont,No Group Cont
1010114,S,0,0,1,NA,0,0,0,0,0,No Group Cont,No Group Cont
1010115,S,1,22,1,NA,0,0,0,1,0,age20-60,Group Cont
1010116,S,1,30,1,NA,0,0,0,1,1,age20-60,Group Cont
1010117,S,1,20,1,NA,0,0,0,1,1,age20-60,Group Cont
1010118,S,1,21,1,NA,0,0,1,0,0,age13-19,Group Cont
1010119,S,1,30,1,NA,0,0,1,1,1,age13-19,Group Cont
1010120,S,0,0,1,NA,0,0,0,0,0,No Group Cont,No Group Cont
1010121,S,0,0,1,NA,0,0,0,0,0,No Group Cont,No Group Cont
1010122,S,1,50,1,NA,0,0,0,1,0,age20-60,Group Cont
1010123,S,1,30,1,NA,0,0,0,0,1,age60-,Group Cont
1010124,S,1,40,1,NA,0,1,0,1,1,age6-12,Group Cont
1010125,S,0,0,1,NA,0,0,0,0,0,No Group Cont,No Group Cont
1010201,S,0,0,0,30,0,0,0,0,0,No Group Cont,No Group Cont
1010202,T,1,45,1,NA,0,1,1,1,1,age6-12,Group Cont
1010203,S,0,0,0,NA,0,0,0,0,0,No Group Cont,No Group Cont
1010204,S,0,0,1,NA,0,0,0,0,0,No Group Cont,No Group Cont
1010205,T,0,0,1,NA,0,0,0,0,0,No Group Cont,No Group Cont
1010206,S,0,0,0,NA,0,0,0,0,0,No Group Cont,No Group Cont
1010207,T,1,20,1,NA,0,0,0,1,1,age20-60,Group Cont
1010208,S,0,0,0,5,0,0,0,0,0,No Group Cont,No Group Cont
1010209,S,1,22,0,7,0,0,0,1,1,age20-60,Group Cont
1010210,S,0,0,1,NA,0,0,0,0,0,No Group Cont,No Group Cont
1010211,S,1,35,0,20,0,0,0,1,1,age20-60,Group Cont
1010213,S,1,25,1,NA,0,0,0,1,1,age20-60,Group Cont
1010214,T,1,30,1,NA,0,0,0,1,0,age20-60,Group Cont
1010215,T,1,28,1,NA,0,0,1,1,1,age13-19,Group Cont
1010216,T,0,0,1,NA,0,0,0,0,0,No Group Cont,No Group Cont
1010217,S,0,0,1,NA,0,0,0,0,0,No Group Cont,No Group Cont
1010218,T,0,0,1,NA,0,0,0,0,0,No Group Cont,No Group Cont
1010219,S,0,0,1,NA,0,0,0,0,0,No Group Cont,No Group Cont
1010220,S,0,0,1,NA,0,0,0,0,0,No Group Cont,No Group Cont
1010221,S,0,0,1,NA,0,0,0,0,0,No Group Cont,No Group Cont
1010222,S,0,0,1,NA,0,0,0,0,0,No Group Cont,No Group Cont
1010223,S,0,0,1,NA,0,0,0,0,0,No Group Cont,No Group Cont
1010224,S,0,0,1,NA,0,0,0,0,0,No Group Cont,No Group Cont
1010225,S,1,30,0,8,0,1,0,0,0,age6-12,Group Cont
1010301,S,1,40,NA,NA,1,1,1,1,1,age0-6,Group Cont
1010302,S,1,30,0,10,1,1,1,1,1,age0-6,Group Cont
1010303,S,0,0,1,NA,0,0,0,0,0,No Group Cont,No Group Cont
1010304,S,0,0,1,NA,0,0,0,0,0,No Group Cont,No Group Cont
1010305,S,0,0,1,NA,0,0,0,0,0,No Group Cont,No Group Cont
1010306,S,0,0,1,NA,0,0,0,0,0,No Group Cont,No Group Cont
1010307,S,0,0,1,NA,0,0,0,0,0,No Group Cont,No Group Cont
1010308,S,0,0,0,5,0,0,0,0,0,No Group Cont,No Group Cont
1010309,S,0,0,0,3,0,0,0,0,0,No Group Cont,No Group Cont
1010310,S,1,48,NA,NA,0,0,1,0,0,age13-19,Group Cont
1010311,S,0,0,1,NA,0,0,0,0,0,No Group Cont,No Group Cont
1010312,S,0,0,0,NA,0,0,0,0,0,No Group Cont,No Group Cont
1010313,S,0,0,NA,NA,0,0,0,0,0,No Group Cont,No Group Cont
1010314,S,0,0,NA,NA,0,0,0,0,0,No Group Cont,No Group Cont
1010315,S,1,20,NA,NA,0,0,0,1,0,age20-60,Group Cont
1010316,S,0,0,NA,NA,0,0,0,0,0,No Group Cont,No Group Cont
1010317,S,1,35,1,NA,0,0,0,1,1,age20-60,Group Cont
1010318,S,1,40,NA,NA,0,0,0,1,0,age20-60,Group Cont
1010319,S,1,40,NA,NA,1,1,1,1,1,age0-6,Group Cont
1010320,S,1,28,NA,NA,0,1,1,0,0,age6-12,Group Cont
1010321,S,1,25,1,NA,0,1,0,0,0,age6-12,Group Cont
1010322,S,0,0,NA,NA,0,0,0,0,0,No Group Cont,No Group Cont
1010323,S,1,30,NA,NA,0,0,1,1,0,age13-19,Group Cont
1010324,S,0,0,NA,NA,0,0,0,0,0,No Group Cont,No Group Cont
1010325,S,0,0,1,NA,0,0,0,0,0,No Group Cont,No Group Cont
1010401,S,1,20,NA,NA,0,0,0,1,0,age20-60,Group Cont
1010402,S,0,0,NA,NA,0,0,0,0,0,No Group Cont,No Group Cont
1010403,S,1,28,1,NA,0,0,1,0,0,age13-19,Group Cont
1010405,S,1,24,1,NA,0,1,0,0,0,age6-12,Group Cont
1010406,S,0,0,0,45,0,0,0,0,0,No Group Cont,No Group Cont
1010407,S,0,0,NA,NA,0,0,0,0,0,No Group Cont,No Group Cont
1010408,S,0,0,1,NA,0,0,0,0,0,No Group Cont,No Group Cont
1010409,S,0,0,0,3,0,0,0,0,0,No Group Cont,No Group Cont
1010410,S,0,0,1,NA,0,0,0,0,0,No Group Cont,No Group Cont
1010411,S,0,0,1,NA,0,0,0,0,0,No Group Cont,No Group Cont
1010412,S,0,0,NA,NA,0,0,0,0,0,No Group Cont,No Group Cont
1010413,S,0,0,1,NA,0,0,0,0,0,No Group Cont,No Group Cont
1010414,S,0,0,1,NA,0,0,0,0,0,No Group Cont,No Group Cont
1010415,S,0,0,NA,NA,0,0,0,0,0,No Group Cont,No Group Cont
1010416,S,0,0,NA,NA,0,0,0,0,0,No Group Cont,No Group Cont
1010418,S,1,30,1,NA,0,0,0,1,0,age20-60,Group Cont
1010419,S,0,0,0,13,0,0,0,0,0,No Group Cont,No Group Cont
1010420,S,0,0,1,NA,0,0,0,0,0,No Group Cont,No Group Cont
1010421,S,0,0,1,NA,0,0,0,0,0,No Group Cont,No Group Cont
1010422,S,1,30,1,NA,0,0,0,1,0,age20-60,Group Cont
1010423,S,1,50,1,NA,0,0,0,1,0,age20-60,Group Cont
1010424,S,1,20,1,NA,0,0,1,0,0,age13-19,Group Cont
1020101,S,0,0,1,NA,0,0,0,0,0,No Group Cont,No Group Cont
1020102,S,0,0,1,NA,0,0,0,0,0,No Group Cont,No Group Cont
1020103,S,0,0,1,NA,0,0,0,0,0,No Group Cont,No Group Cont
1020104,S,0,0,1,NA,0,0,0,0,0,No Group Cont,No Group Cont
1020105,S,0,0,0,2,0,0,0,0,0,No Group Cont,No Group Cont
1020106,S,1,60,1,NA,0,0,1,1,0,age13-19,Group Cont
1020107,S,0,0,0,NA,0,0,0,0,0,No Group Cont,No Group Cont
1020108,S,0,0,0,10,0,0,0,0,0,No Group Cont,No Group Cont
1020109,S,0,0,1,NA,0,0,0,0,0,No Group Cont,No Group Cont
1020110,S,1,41,1,NA,0,0,0,1,1,age20-60,Group Cont
1020111,S,0,0,1,NA,0,0,0,0,0,No Group Cont,No Group Cont
1020112,S,0,0,1,NA,0,0,0,0,0,No Group Cont,No Group Cont
1020113,S,0,0,1,NA,0,0,0,0,0,No Group Cont,No Group Cont
1020114,S,0,0,1,NA,0,0,0,0,0,No Group Cont,No Group Cont
1020116,S,0,0,1,NA,0,0,0,0,0,No Group Cont,No Group Cont
1020117,S,0,0,1,NA,0,0,0,0,0,No Group Cont,No Group Cont
1020118,S,0,0,0,NA,0,0,0,0,0,No Group Cont,No Group Cont
1020119,S,0,0,1,NA,0,0,0,0,0,No Group Cont,No Group Cont
1020120,S,0,0,1,NA,0,0,0,0,0,No Group Cont,No Group Cont
1020121,S,0,0,0,5,0,0,0,0,0,No Group Cont,No Group Cont
1020123,S,0,0,1,NA,0,0,0,0,0,No Group Cont,No Group Cont
1020124,S,0,0,1,NA,0,0,0,0,0,No Group Cont,No Group Cont
1020125,S,0,0,1,NA,0,0,0,0,0,No Group Cont,No Group Cont
1020127,S,0,0,0,NA,0,0,0,0,0,No Group Cont,No Group Cont
1020128,S,1,28,0,7,0,0,1,0,0,age13-19,Group Cont
1020129,S,0,0,1,NA,0,0,0,0,0,No Group Cont,No Group Cont
1020130,S,0,0,NA,NA,0,0,0,0,0,No Group Cont,No Group Cont
1020131,S,0,0,1,NA,0,0,0,0,0,No Group Cont,No Group Cont
1020132,S,0,0,1,NA,0,0,0,0,0,No Group Cont,No Group Cont
1020133,S,0,0,1,NA,0,0,0,0,0,No Group Cont,No Group Cont
1020134,S,0,0,1,NA,0,0,0,0,0,No Group Cont,No Group Cont
1020201,S,0,0,1,NA,0,0,0,0,0,No Group Cont,No Group Cont
1020202,S,0,0,1,NA,0,0,0,0,0,No Group Cont,No Group Cont
1020203,S,0,0,1,NA,0,0,0,0,0,No Group Cont,No Group Cont
1020204,S,0,0,0,3,0,0,0,0,0,No Group Cont,No Group Cont
1020205,S,1,30,0,4,0,0,1,0,0,age13-19,Group Cont
1020206,S,0,0,1,NA,0,0,0,0,0,No Group Cont,No Group Cont
1020207,S,1,50,1,NA,0,0,0,1,0,age20-60,Group Cont
1020208,S,0,0,0,10,0,0,0,0,0,No Group Cont,No Group Cont
1020209,S,1,20,1,NA,0,0,0,1,1,age20-60,Group Cont
1020210,S,0,0,1,NA,0,0,0,0,0,No Group Cont,No Group Cont
1020211,S,0,0,NA,NA,0,0,0,0,0,No Group Cont,No Group Cont
1020212,S,0,0,0,10,0,0,0,0,0,No Group Cont,No Group Cont
1020213,S,0,0,1,NA,0,0,0,0,0,No Group Cont,No Group Cont
1020214,S,0,0,NA,NA,0,0,0,0,0,No Group Cont,No Group Cont
1020215,S,0,0,0,3,0,0,0,0,0,No Group Cont,No Group Cont
1020216,S,1,30,1,NA,0,1,0,1,0,age6-12,Group Cont
1020217,S,1,30,1,NA,0,0,1,0,0,age13-19,Group Cont
1020218,S,0,0,1,NA,0,0,0,0,0,No Group Cont,No Group Cont
1020219,S,0,0,NA,NA,0,0,0,0,0,No Group Cont,No Group Cont
1020220,S,0,0,1,NA,0,0,0,0,0,No Group Cont,No Group Cont
1020221,S,1,43,1,NA,0,0,1,0,0,age13-19,Group Cont
1020222,S,0,0,0,5,0,0,0,0,0,No Group Cont,No Group Cont
1020223,S,0,0,1,NA,0,0,0,0,0,No Group Cont,No Group Cont
1020224,S,0,0,1,NA,0,0,0,0,0,No Group Cont,No Group Cont
1020225,S,1,35,1,NA,0,1,0,0,0,age6-12,Group Cont
1020226,S,0,0,NA,NA,0,0,0,0,0,No Group Cont,No Group Cont
1020227,S,0,0,1,NA,0,0,0,0,0,No Group Cont,No Group Cont
1020228,S,0,0,0,NA,0,0,0,0,0,No Group Cont,No Group Cont
1020229,S,0,0,1,NA,0,0,0,0,0,No Group Cont,No Group Cont
1020230,S,0,0,0,2,0,0,0,0,0,No Group Cont,No Group Cont
1020231,S,0,0,1,NA,0,0,0,0,0,No Group Cont,No Group Cont
1020232,S,1,30,0,15,0,0,0,1,0,age20-60,Group Cont
1020233,S,0,0,0,3,0,0,0,0,0,No Group Cont,No Group Cont
1020301,S,0,0,1,NA,0,0,0,0,0,No Group Cont,No Group Cont
1020302,S,1,40,0,20,0,1,1,1,1,age6-12,Group Cont
1020303,S,1,30,NA,NA,0,0,0,1,0,age20-60,Group Cont
1020304,T,0,0,NA,NA,0,0,0,0,0,No Group Cont,No Group Cont
1020305,T,0,0,1,NA,0,0,0,0,0,No Group Cont,No Group Cont
1020306,S,0,0,1,NA,0,0,0,0,0,No Group Cont,No Group Cont
1020307,T,0,0,1,NA,0,0,0,0,0,No Group Cont,No Group Cont
1020308,S,1,20,1,NA,0,0,1,0,0,age13-19,Group Cont
1020309,T,1,30,NA,NA,0,0,0,1,1,age20-60,Group Cont
1020310,S,0,0,1,NA,0,0,0,0,0,No Group Cont,No Group Cont
1020311,S,0,0,NA,NA,0,0,0,0,0,No Group Cont,No Group Cont
1020312,S,0,0,0,3,0,0,0,0,0,No Group Cont,No Group Cont
1020314,T,0,0,NA,NA,0,0,0,0,0,No Group Cont,No Group Cont
1020315,S,1,25,NA,NA,0,1,0,1,1,age6-12,Group Cont
1020316,S,0,0,1,NA,0,0,0,0,0,No Group Cont,No Group Cont
1020317,S,0,0,1,NA,0,0,0,0,0,No Group Cont,No Group Cont
1020318,S,0,0,1,NA,0,0,0,0,0,No Group Cont,No Group Cont
1020319,T,0,0,1,NA,0,0,0,0,0,No Group Cont,No Group Cont
1020320,S,1,20,1,NA,0,1,0,0,0,age6-12,Group Cont
1020321,S,1,31,1,NA,0,0,1,0,0,age13-19,Group Cont
1020322,S,1,40,0,2,0,0,0,0,0,No Group Cont,Group Cont
1020323,S,0,0,0,1,0,0,0,0,0,No Group Cont,No Group Cont
1020325,S,0,0,1,NA,0,0,0,0,0,No Group Cont,No Group Cont
1020326,S,0,0,1,NA,0,0,0,0,0,No Group Cont,No Group Cont
1020327,S,0,0,0,20,0,0,0,0,0,No Group Cont,No Group Cont
1020329,S,1,27,0,NA,0,0,0,1,0,age20-60,Group Cont
1020330,S,1,20,0,10,0,0,0,1,0,age20-60,Group Cont
1020331,S,0,0,1,NA,0,0,0,0,0,No Group Cont,No Group Cont
1020332,S,0,0,1,NA,0,0,0,0,0,No Group Cont,No Group Cont
1020333,T,0,0,1,NA,0,0,0,0,0,No Group Cont,No Group Cont
1020334,S,0,0,0,NA,0,0,0,0,0,No Group Cont,No Group Cont
1030101,S,0,0,NA,NA,0,0,0,0,0,No Group Cont,No Group Cont
1030102,S,0,0,0,3,0,0,0,0,0,No Group Cont,No Group Cont
1030103,S,1,40,NA,NA,0,1,0,1,0,age6-12,Group Cont
1030104,S,1,25,1,NA,0,0,0,1,1,age20-60,Group Cont
1030105,S,1,40,1,NA,0,0,0,1,0,age20-60,Group Cont
1030106,S,0,0,1,NA,0,0,0,0,0,No Group Cont,No Group Cont
1030107,S,0,0,NA,NA,0,0,0,0,0,No Group Cont,No Group Cont
1030108,S,0,0,1,NA,0,0,0,0,0,No Group Cont,No Group Cont
1030109,S,0,0,NA,NA,0,0,0,0,0,No Group Cont,No Group Cont
1030110,S,0,0,1,NA,0,0,0,0,0,No Group Cont,No Group Cont
1030111,S,0,0,1,NA,0,0,0,0,0,No Group Cont,No Group Cont
1030112,S,0,0,1,NA,0,0,0,0,0,No Group Cont,No Group Cont
1030113,S,1,40,1,NA,0,0,1,1,0,age13-19,Group Cont
1030114,S,0,0,1,NA,0,0,0,0,0,No Group Cont,No Group Cont
1030115,S,0,0,1,NA,0,0,0,0,0,No Group Cont,No Group Cont
1030116,S,0,0,NA,NA,0,0,0,0,0,No Group Cont,No Group Cont
1030117,S,0,0,1,NA,0,0,0,0,0,No Group Cont,No Group Cont
1030119,S,1,21,0,NA,0,1,0,0,0,age6-12,Group Cont
1030120,S,0,0,0,NA,0,0,0,0,0,No Group Cont,No Group Cont
1030121,S,1,25,1,NA,0,0,1,0,0,age13-19,Group Cont
1030122,S,0,0,1,NA,0,0,0,0,0,No Group Cont,No Group Cont
1030124,S,0,0,1,NA,0,0,0,0,0,No Group Cont,No Group Cont
1030125,S,1,25,1,NA,0,0,0,1,0,age20-60,Group Cont
1030201,S,0,0,1,NA,0,0,0,0,0,No Group Cont,No Group Cont
1030202,S,0,0,1,NA,0,0,0,0,0,No Group Cont,No Group Cont
1030203,S,0,0,1,NA,0,0,0,0,0,No Group Cont,No Group Cont
1030204,S,1,35,NA,NA,1,1,1,1,1,age0-6,Group Cont
1030205,S,0,0,0,30,0,0,0,0,0,No Group Cont,No Group Cont
1030206,S,1,20,1,NA,0,0,0,1,0,age20-60,Group Cont
1030207,S,0,0,1,NA,0,0,0,0,0,No Group Cont,No Group Cont
1030208,S,0,0,1,NA,0,0,0,0,0,No Group Cont,No Group Cont
1030209,S,1,40,0,15,0,0,0,1,0,age20-60,Group Cont
1030210,S,0,0,0,15,0,0,0,0,0,No Group Cont,No Group Cont
1030211,S,1,30,1,NA,1,1,0,1,0,age0-6,Group Cont
1030212,S,0,0,NA,NA,0,0,0,0,0,No Group Cont,No Group Cont
1030213,S,1,30,NA,NA,1,0,0,1,0,age0-6,Group Cont
1030215,S,0,0,0,NA,0,0,0,0,0,No Group Cont,No Group Cont
1030216,S,0,0,1,NA,0,0,0,0,0,No Group Cont,No Group Cont
1030217,S,0,0,0,40,0,0,0,0,0,No Group Cont,No Group Cont
1030218,S,0,0,0,NA,0,0,0,0,0,No Group Cont,No Group Cont
1030219,S,0,0,0,10,0,0,0,0,0,No Group Cont,No Group Cont
1030220,S,0,0,1,NA,0,0,0,0,0,No Group Cont,No Group Cont
1030221,S,0,0,0,NA,0,0,0,0,0,No Group Cont,No Group Cont
1030222,S,0,0,1,NA,0,0,0,0,0,No Group Cont,No Group Cont
1030223,T,0,0,1,NA,0,0,0,0,0,No Group Cont,No Group Cont
1030224,S,0,0,0,3,0,0,0,0,0,No Group Cont,No Group Cont
1030225,S,0,0,1,NA,0,0,0,0,0,No Group Cont,No Group Cont
1030301,S,0,0,0,NA,0,0,0,0,0,No Group Cont,No Group Cont
1030303,S,0,0,1,NA,0,0,0,0,0,No Group Cont,No Group Cont
1030304,S,0,0,0,NA,0,0,0,0,0,No Group Cont,No Group Cont
1030305,S,1,60,1,NA,0,0,0,1,0,age20-60,Group Cont
1030306,S,0,0,0,NA,0,0,0,0,0,No Group Cont,No Group Cont
1030307,S,1,40,1,NA,0,1,0,0,0,age6-12,Group Cont
1030308,S,0,0,1,NA,0,0,0,0,0,No Group Cont,No Group Cont
1030309,S,0,0,1,NA,0,0,0,0,0,No Group Cont,No Group Cont
1030310,S,0,0,1,NA,0,0,0,0,0,No Group Cont,No Group Cont
1030313,S,1,40,1,NA,0,0,1,0,0,age13-19,Group Cont
1030315,T,0,0,NA,NA,0,0,0,0,0,No Group Cont,No Group Cont
1030316,S,0,0,1,NA,0,0,0,0,0,No Group Cont,No Group Cont
1030317,S,0,0,NA,NA,0,0,0,0,0,No Group Cont,No Group Cont
1030318,S,0,0,1,NA,0,0,0,0,0,No Group Cont,No Group Cont
1030319,S,0,0,1,NA,0,0,0,0,0,No Group Cont,No Group Cont
1030320,S,0,0,1,NA,0,0,0,0,0,No Group Cont,No Group Cont
1030321,S,0,0,1,NA,0,0,0,0,0,No Group Cont,No Group Cont
1030322,S,0,0,1,NA,0,0,0,0,0,No Group Cont,No Group Cont
1030323,S,0,0,NA,NA,0,0,0,0,0,No Group Cont,No Group Cont
1030324,T,1,40,1,NA,0,0,1,1,1,age13-19,Group Cont
1030325,S,0,0,1,NA,0,0,0,0,0,No Group Cont,No Group Cont
1030401,T,0,0,1,NA,0,0,0,0,0,No Group Cont,No Group Cont
1030402,T,0,0,1,NA,0,0,0,0,0,No Group Cont,No Group Cont
1030403,T,0,0,1,NA,0,0,0,0,0,No Group Cont,No Group Cont
1030404,T,0,0,NA,NA,0,0,0,0,0,No Group Cont,No Group Cont
1030405,T,0,0,NA,NA,0,0,0,0,0,No Group Cont,No Group Cont
1030406,T,0,0,1,NA,0,0,0,0,0,No Group Cont,No Group Cont
1030407,T,0,0,NA,NA,0,0,0,0,0,No Group Cont,No Group Cont
1030408,T,1,30,0,NA,0,0,1,0,0,age13-19,Group Cont
1030409,T,0,0,1,NA,0,0,0,0,0,No Group Cont,No Group Cont
1030410,T,0,0,1,NA,0,0,0,0,0,No Group Cont,No Group Cont
1030411,T,0,0,1,NA,0,0,0,0,0,No Group Cont,No Group Cont
1030412,T,0,0,1,NA,0,0,0,0,0,No Group Cont,No Group Cont
1030413,T,0,0,1,NA,0,0,0,0,0,No Group Cont,No Group Cont
1030414,T,0,0,1,NA,0,0,0,0,0,No Group Cont,No Group Cont
1030415,T,0,0,0,NA,0,0,0,0,0,No Group Cont,No Group Cont
1030416,T,0,0,0,NA,0,0,0,0,0,No Group Cont,No Group Cont
1030417,T,0,0,1,NA,0,0,0,0,0,No Group Cont,No Group Cont
1030418,T,1,50,1,NA,0,0,1,1,0,age13-19,Group Cont
1030419,T,0,0,1,NA,0,0,0,0,0,No Group Cont,No Group Cont
1030420,T,0,0,1,NA,0,0,0,0,0,No Group Cont,No Group Cont
1030421,T,0,0,1,NA,0,0,0,0,0,No Group Cont,No Group Cont
1030422,T,1,25,1,NA,0,1,0,0,0,age6-12,Group Cont
1030424,T,1,40,1,NA,0,0,0,1,0,age20-60,Group Cont
1030425,T,0,0,0,2,0,0,0,0,0,No Group Cont,No Group Cont
2010101,T,0,0,1,NA,0,0,0,0,0,No Group Cont,No Group Cont
2010102,T,0,0,1,NA,0,0,0,0,0,No Group Cont,No Group Cont
2010103,T,0,0,1,NA,0,0,0,0,0,No Group Cont,No Group Cont
2010104,T,1,20,1,NA,0,0,0,1,1,age20-60,Group Cont
2010105,T,1,20,0,10,0,0,0,1,0,age20-60,Group Cont
2010106,T,0,0,1,NA,0,0,0,0,0,No Group Cont,No Group Cont
2010107,T,0,0,1,NA,0,0,0,0,0,No Group Cont,No Group Cont
2010108,T,0,0,0,3,0,0,0,0,0,No Group Cont,No Group Cont
2010109,T,0,0,0,NA,0,0,0,0,0,No Group Cont,No Group Cont
2010110,T,1,100,0,8,0,0,0,1,0,age20-60,Group Cont
2010111,T,0,0,1,NA,0,0,0,0,0,No Group Cont,No Group Cont
2010112,T,0,0,0,4,0,0,0,0,0,No Group Cont,No Group Cont
2010113,T,1,20,0,NA,0,0,0,1,0,age20-60,Group Cont
2010114,T,0,0,1,NA,0,0,0,0,0,No Group Cont,No Group Cont
2010115,T,1,22,0,5,0,0,0,1,1,age20-60,Group Cont
2010116,T,0,0,0,15,0,0,0,0,0,No Group Cont,No Group Cont
2010117,T,0,0,1,NA,0,0,0,0,0,No Group Cont,No Group Cont
2010118,T,0,0,0,2,0,0,0,0,0,No Group Cont,No Group Cont
2010119,T,0,0,1,NA,0,0,0,0,0,No Group Cont,No Group Cont
2010120,T,0,0,1,NA,0,0,0,0,0,No Group Cont,No Group Cont
2010121,T,0,0,0,7,0,0,0,0,0,No Group Cont,No Group Cont
2010122,T,0,0,0,NA,0,0,0,0,0,No Group Cont,No Group Cont
2010123,T,1,20,0,20,0,0,1,1,1,age13-19,Group Cont
2010124,T,0,0,1,NA,0,0,0,0,0,No Group Cont,No Group Cont
2010125,T,0,0,0,3,0,0,0,0,0,No Group Cont,No Group Cont
2010201,T,1,20,0,5,0,0,0,1,0,age20-60,Group Cont
2010202,T,0,0,1,NA,0,0,0,0,0,No Group Cont,No Group Cont
2010203,T,1,20,1,NA,0,0,0,1,0,age20-60,Group Cont
2010204,T,0,0,0,2,0,0,0,0,0,No Group Cont,No Group Cont
2010205,T,1,80,1,NA,1,1,1,1,1,age0-6,Group Cont
2010206,T,0,0,0,10,0,0,0,0,0,No Group Cont,No Group Cont
2010207,T,0,0,0,5,0,0,0,0,0,No Group Cont,No Group Cont
2010208,T,0,0,1,NA,0,0,0,0,0,No Group Cont,No Group Cont
2010209,T,0,0,0,4,0,0,0,0,0,No Group Cont,No Group Cont
2010210,T,0,0,0,6,0,0,0,0,0,No Group Cont,No Group Cont
2010211,T,0,0,0,5,0,0,0,0,0,No Group Cont,No Group Cont
2010212,T,0,0,1,NA,0,0,0,0,0,No Group Cont,No Group Cont
2010213,T,0,0,1,NA,0,0,0,0,0,No Group Cont,No Group Cont
2010214,T,0,0,0,5,0,0,0,0,0,No Group Cont,No Group Cont
2010215,T,0,0,0,NA,0,0,0,0,0,No Group Cont,No Group Cont
2010216,T,0,0,1,NA,0,0,0,0,0,No Group Cont,No Group Cont
2010217,T,1,40,1,NA,1,0,0,1,0,age0-6,Group Cont
2010218,T,0,0,1,NA,0,0,0,0,0,No Group Cont,No Group Cont
2010219,T,0,0,1,NA,0,0,0,0,0,No Group Cont,No Group Cont
2010220,T,0,0,1,NA,0,0,0,0,0,No Group Cont,No Group Cont
2010222,T,0,0,0,3,0,0,0,0,0,No Group Cont,No Group Cont
2010223,T,0,0,0,6,0,0,0,0,0,No Group Cont,No Group Cont
2010224,T,1,25,1,NA,0,1,0,0,0,age6-12,Group Cont
2010225,T,0,0,1,NA,0,0,0,0,0,No Group Cont,No Group Cont
2010301,T,0,0,1,NA,0,0,0,0,0,No Group Cont,No Group Cont
2010302,T,0,0,1,NA,0,0,0,0,0,No Group Cont,No Group Cont
2010303,T,0,0,1,NA,0,0,0,0,0,No Group Cont,No Group Cont
2010304,T,0,0,0,10,0,0,0,0,0,No Group Cont,No Group Cont
2010305,T,1,30,0,20,0,0,0,1,0,age20-60,Group Cont
2010306,T,1,28,0,5,0,0,0,0,1,age60-,Group Cont
2010307,T,0,0,1,NA,0,0,0,0,0,No Group Cont,No Group Cont
2010308,T,0,0,1,NA,0,0,0,0,0,No Group Cont,No Group Cont
2010309,T,0,0,0,10,0,0,0,0,0,No Group Cont,No Group Cont
2010310,T,1,25,0,3,0,0,0,1,0,age20-60,Group Cont
2010311,T,0,0,0,3,0,0,0,0,0,No Group Cont,No Group Cont
2010312,T,1,60,0,20,0,0,0,1,0,age20-60,Group Cont
2010313,T,0,0,1,NA,0,0,0,0,0,No Group Cont,No Group Cont
2010314,T,0,0,0,10,0,0,0,0,0,No Group Cont,No Group Cont
2010315,T,1,33,0,14,0,1,0,0,0,age6-12,Group Cont
2010316,T,0,0,NA,NA,0,0,0,0,0,No Group Cont,No Group Cont
2010317,T,0,0,1,NA,0,0,0,0,0,No Group Cont,No Group Cont
2010318,T,0,0,1,NA,0,0,0,0,0,No Group Cont,No Group Cont
2010319,T,1,20,0,20,1,1,1,1,1,age0-6,Group Cont
2010320,T,0,0,1,NA,0,0,0,0,0,No Group Cont,No Group Cont
2010321,T,0,0,1,NA,0,0,0,0,0,No Group Cont,No Group Cont
2010322,T,0,0,0,NA,0,0,0,0,0,No Group Cont,No Group Cont
2010323,T,0,0,1,NA,0,0,0,0,0,No Group Cont,No Group Cont
2010324,T,0,0,0,10,0,0,0,0,0,No Group Cont,No Group Cont
2010401,T,0,0,1,NA,0,0,0,0,0,No Group Cont,No Group Cont
2010402,T,1,20,1,NA,0,1,0,0,0,age6-12,Group Cont
2010403,T,0,0,1,NA,0,0,0,0,0,No Group Cont,No Group Cont
2010404,T,0,0,1,NA,0,0,0,0,0,No Group Cont,No Group Cont
2010405,T,0,0,1,NA,0,0,0,0,0,No Group Cont,No Group Cont
2010406,T,0,0,1,NA,0,0,0,0,0,No Group Cont,No Group Cont
2010407,T,0,0,1,NA,0,0,0,0,0,No Group Cont,No Group Cont
2010408,T,1,50,0,15,0,0,0,1,0,age20-60,Group Cont
2010409,T,0,0,1,NA,0,0,0,0,0,No Group Cont,No Group Cont
2010410,T,0,0,1,NA,0,0,0,0,0,No Group Cont,No Group Cont
2010411,T,0,0,1,NA,0,0,0,0,0,No Group Cont,No Group Cont
2010412,T,0,0,0,10,0,0,0,0,0,No Group Cont,No Group Cont
2010413,T,1,60,1,NA,0,0,0,1,1,age20-60,Group Cont
2010414,T,1,60,1,NA,0,0,1,0,0,age13-19,Group Cont
2010415,T,0,0,1,NA,0,0,0,0,0,No Group Cont,No Group Cont
2010416,T,0,0,0,20,0,0,0,0,0,No Group Cont,No Group Cont
2010417,T,0,0,1,NA,0,0,0,0,0,No Group Cont,No Group Cont
2010418,T,0,0,1,NA,0,0,0,0,0,No Group Cont,No Group Cont
2010419,T,0,0,1,NA,0,0,0,0,0,No Group Cont,No Group Cont
2010420,T,0,0,1,NA,0,0,0,0,0,No Group Cont,No Group Cont
2010421,T,0,0,1,NA,0,0,0,0,0,No Group Cont,No Group Cont
2010422,T,0,0,0,15,0,0,0,0,0,No Group Cont,No Group Cont
2010423,T,0,0,0,3,0,0,0,0,0,No Group Cont,No Group Cont
2010425,T,0,0,1,NA,0,0,0,0,0,No Group Cont,No Group Cont
2020101,T,0,0,1,NA,0,0,0,0,0,No Group Cont,No Group Cont
2020102,T,0,0,1,NA,0,0,0,0,0,No Group Cont,No Group Cont
2020103,T,0,0,1,NA,0,0,0,0,0,No Group Cont,No Group Cont
2020104,T,0,0,1,NA,0,0,0,0,0,No Group Cont,No Group Cont
2020105,T,0,0,0,NA,0,0,0,0,0,No Group Cont,No Group Cont
2020106,T,0,0,1,NA,0,0,0,0,0,No Group Cont,No Group Cont
2020107,T,0,0,1,NA,0,0,0,0,0,No Group Cont,No Group Cont
2020108,T,0,0,1,NA,0,0,0,0,0,No Group Cont,No Group Cont
2020109,T,0,0,1,NA,0,0,0,0,0,No Group Cont,No Group Cont
2020110,T,0,0,1,NA,0,0,0,0,0,No Group Cont,No Group Cont
2020111,T,1,100,1,NA,0,0,0,1,0,age20-60,Group Cont
2020112,T,1,40,1,NA,0,0,0,1,1,age20-60,Group Cont
2020113,T,0,0,0,NA,0,0,0,0,0,No Group Cont,No Group Cont
2020114,T,0,0,1,NA,0,0,0,0,0,No Group Cont,No Group Cont
2020115,T,1,20,1,NA,0,0,0,1,1,age20-60,Group Cont
2020116,T,0,0,1,NA,0,0,0,0,0,No Group Cont,No Group Cont
2020117,T,0,0,1,NA,0,0,0,0,0,No Group Cont,No Group Cont
2020118,T,0,0,1,NA,0,0,0,0,0,No Group Cont,No Group Cont
2020119,T,0,0,1,NA,0,0,0,0,0,No Group Cont,No Group Cont
2020120,T,0,0,1,NA,0,0,0,0,0,No Group Cont,No Group Cont
2020121,T,1,50,NA,NA,0,0,1,1,0,age13-19,Group Cont
2020122,T,0,0,1,NA,0,0,0,0,0,No Group Cont,No Group Cont
2020123,T,1,20,NA,NA,0,0,0,1,0,age20-60,Group Cont
2020124,T,0,0,1,NA,0,0,0,0,0,No Group Cont,No Group Cont
2020125,T,0,0,1,NA,0,0,0,0,0,No Group Cont,No Group Cont
2020202,T,0,0,1,NA,0,0,0,0,0,No Group Cont,No Group Cont
2020203,T,0,0,1,NA,0,0,0,0,0,No Group Cont,No Group Cont
2020204,T,0,0,0,3,0,0,0,0,0,No Group Cont,No Group Cont
2020205,T,0,0,1,NA,0,0,0,0,0,No Group Cont,No Group Cont
2020206,T,0,0,1,NA,0,0,0,0,0,No Group Cont,No Group Cont
2020207,T,0,0,0,3,0,0,0,0,0,No Group Cont,No Group Cont
2020208,T,1,36,1,NA,0,1,0,0,0,age6-12,Group Cont
2020209,T,0,0,1,NA,0,0,0,0,0,No Group Cont,No Group Cont
2020210,T,0,0,0,7,0,0,0,0,0,No Group Cont,No Group Cont
2020211,T,1,20,1,NA,0,0,0,1,0,age20-60,Group Cont
2020212,T,1,20,NA,NA,0,0,0,0,0,No Group Cont,Group Cont
2020213,T,0,0,0,4,0,0,0,0,0,No Group Cont,No Group Cont
2020214,T,0,0,1,NA,0,0,0,0,0,No Group Cont,No Group Cont
2020215,T,0,0,1,NA,0,0,0,0,0,No Group Cont,No Group Cont
2020216,T,0,0,1,NA,0,0,0,0,0,No Group Cont,No Group Cont
2020217,T,0,0,1,NA,0,0,0,0,0,No Group Cont,No Group Cont
2020218,T,1,77,1,NA,0,0,0,1,1,age20-60,Group Cont
2020219,T,0,0,1,NA,0,0,0,0,0,No Group Cont,No Group Cont
2020220,T,0,0,1,NA,0,0,0,0,0,No Group Cont,No Group Cont
2020221,T,1,30,1,NA,0,0,0,1,1,age20-60,Group Cont
2020222,T,1,20,1,NA,0,1,1,1,1,age6-12,Group Cont
2020223,T,0,0,1,NA,0,0,0,0,0,No Group Cont,No Group Cont
2020224,T,0,0,1,NA,0,0,0,0,0,No Group Cont,No Group Cont
2020225,T,0,0,1,NA,0,0,0,0,0,No Group Cont,No Group Cont
2020301,S,0,0,1,NA,0,0,0,0,0,No Group Cont,No Group Cont
2020302,S,0,0,1,NA,0,0,0,0,0,No Group Cont,No Group Cont
2020303,S,0,0,1,NA,0,0,0,0,0,No Group Cont,No Group Cont
2020304,S,0,0,1,NA,0,0,0,0,0,No Group Cont,No Group Cont
2020305,S,1,45,NA,NA,0,0,0,1,0,age20-60,Group Cont
2020306,S,0,0,NA,NA,0,0,0,0,0,No Group Cont,No Group Cont
2020307,S,0,0,NA,NA,0,0,0,0,0,No Group Cont,No Group Cont
2020308,S,0,0,NA,NA,0,0,0,0,0,No Group Cont,No Group Cont
2020309,S,0,0,1,NA,0,0,0,0,0,No Group Cont,No Group Cont
2020310,S,1,25,NA,NA,0,0,0,1,1,age20-60,Group Cont
2020311,S,0,0,1,NA,0,0,0,0,0,No Group Cont,No Group Cont
2020312,S,0,0,NA,NA,0,0,0,0,0,No Group Cont,No Group Cont
2020313,S,0,0,NA,NA,0,0,0,0,0,No Group Cont,No Group Cont
2020314,S,0,0,NA,NA,0,0,0,0,0,No Group Cont,No Group Cont
2020315,S,0,0,1,NA,0,0,0,0,0,No Group Cont,No Group Cont
2020316,S,0,0,1,NA,0,0,0,0,0,No Group Cont,No Group Cont
2020317,S,0,0,1,NA,0,0,0,0,0,No Group Cont,No Group Cont
2020318,S,1,25,NA,NA,1,0,0,0,0,age0-6,Group Cont
2020319,S,1,40,NA,NA,0,1,0,0,0,age6-12,Group Cont
2020320,S,0,0,NA,NA,0,0,0,0,0,No Group Cont,No Group Cont
2020321,S,0,0,1,NA,0,0,0,0,0,No Group Cont,No Group Cont
2020322,S,1,30,NA,NA,1,0,0,0,0,age0-6,Group Cont
2020323,S,0,0,NA,NA,0,0,0,0,0,No Group Cont,No Group Cont
2020324,S,0,0,NA,NA,0,0,0,0,0,No Group Cont,No Group Cont
2020401,S,0,0,1,NA,0,0,0,0,0,No Group Cont,No Group Cont
2020402,S,0,0,NA,NA,0,0,0,0,0,No Group Cont,No Group Cont
2020403,S,0,0,NA,NA,0,0,0,0,0,No Group Cont,No Group Cont
2020405,S,0,0,NA,NA,0,0,0,0,0,No Group Cont,No Group Cont
2020406,S,0,0,1,NA,0,0,0,0,0,No Group Cont,No Group Cont
2020407,S,0,0,NA,NA,0,0,0,0,0,No Group Cont,No Group Cont
2020408,S,0,0,NA,NA,0,0,0,0,0,No Group Cont,No Group Cont
2020409,S,0,0,NA,NA,0,0,0,0,0,No Group Cont,No Group Cont
2020410,S,0,0,NA,NA,0,0,0,0,0,No Group Cont,No Group Cont
2020411,S,0,0,0,5,0,0,0,0,0,No Group Cont,No Group Cont
2020412,S,0,0,NA,NA,0,0,0,0,0,No Group Cont,No Group Cont
2020413,S,0,0,1,NA,0,0,0,0,0,No Group Cont,No Group Cont
2020415,S,0,0,NA,NA,0,0,0,0,0,No Group Cont,No Group Cont
2020416,S,0,0,NA,NA,0,0,0,0,0,No Group Cont,No Group Cont
2020417,S,0,0,NA,NA,0,0,0,0,0,No Group Cont,No Group Cont
2020418,S,0,0,NA,NA,0,0,0,0,0,No Group Cont,No Group Cont
2020419,S,0,0,NA,NA,0,0,0,0,0,No Group Cont,No Group Cont
2030101,T,1,30,1,NA,0,0,0,1,0,age20-60,Group Cont
2030102,S,1,30,1,NA,0,1,0,0,0,age6-12,Group Cont
2030103,T,0,0,NA,NA,0,0,0,0,0,No Group Cont,No Group Cont
2030104,T,0,0,1,NA,0,0,0,0,0,No Group Cont,No Group Cont
2030105,T,0,0,1,NA,0,0,0,0,0,No Group Cont,No Group Cont
2030106,S,0,0,1,NA,0,0,0,0,0,No Group Cont,No Group Cont
2030107,T,1,30,0,5,0,0,0,1,0,age20-60,Group Cont
2030108,T,0,0,NA,NA,0,0,0,0,0,No Group Cont,No Group Cont
2030109,T,1,30,1,NA,0,0,0,1,0,age20-60,Group Cont
2030110,S,0,0,1,NA,0,0,0,0,0,No Group Cont,No Group Cont
2030111,S,0,0,1,NA,0,0,0,0,0,No Group Cont,No Group Cont
2030112,S,0,0,1,NA,0,0,0,0,0,No Group Cont,No Group Cont
2030113,T,0,0,NA,NA,0,0,0,0,0,No Group Cont,No Group Cont
2030114,S,0,0,1,NA,0,0,0,0,0,No Group Cont,No Group Cont
2030115,S,0,0,1,NA,0,0,0,0,0,No Group Cont,No Group Cont
2030116,S,0,0,1,NA,0,0,0,0,0,No Group Cont,No Group Cont
2030117,T,0,0,0,5,0,0,0,0,0,No Group Cont,No Group Cont
2030118,S,1,22,1,NA,0,0,0,1,1,age20-60,Group Cont
2030119,T,0,0,0,10,0,0,0,0,0,No Group Cont,No Group Cont
2030120,S,1,25,1,NA,0,0,0,1,0,age20-60,Group Cont
2030121,S,1,35,1,NA,0,0,1,1,0,age13-19,Group Cont
2030122,S,0,0,1,NA,0,0,0,0,0,No Group Cont,No Group Cont
2030123,S,0,0,1,NA,0,0,0,0,0,No Group Cont,No Group Cont
2030124,S,0,0,1,NA,0,0,0,0,0,No Group Cont,No Group Cont
2030125,S,0,0,1,NA,0,0,0,0,0,No Group Cont,No Group Cont
2030201,T,0,0,1,NA,0,0,0,0,0,No Group Cont,No Group Cont
2030202,T,1,25,1,NA,0,0,0,0,1,age60-,Group Cont
2030203,T,1,60,1,NA,0,0,0,1,1,age20-60,Group Cont
2030204,S,0,0,1,NA,0,0,0,0,0,No Group Cont,No Group Cont
2030205,T,0,0,1,NA,0,0,0,0,0,No Group Cont,No Group Cont
2030206,S,0,0,1,NA,0,0,0,0,0,No Group Cont,No Group Cont
2030208,T,1,20,1,NA,0,0,0,1,0,age20-60,Group Cont
2030209,T,1,30,1,NA,0,0,0,1,1,age20-60,Group Cont
2030210,S,0,0,1,NA,0,0,0,0,0,No Group Cont,No Group Cont
2030211,T,1,60,1,NA,0,0,0,1,1,age20-60,Group Cont
2030212,T,1,40,1,NA,0,0,0,1,0,age20-60,Group Cont
2030213,T,1,50,1,NA,0,0,0,1,0,age20-60,Group Cont
2030214,S,0,0,1,NA,0,0,0,0,0,No Group Cont,No Group Cont
2030215,T,1,20,1,NA,0,0,0,1,0,age20-60,Group Cont
2030216,S,0,0,1,NA,0,0,0,0,0,No Group Cont,No Group Cont
2030217,S,1,28,1,NA,0,0,0,1,0,age20-60,Group Cont
2030218,S,0,0,1,NA,0,0,0,0,0,No Group Cont,No Group Cont
2030219,S,0,0,1,NA,0,0,0,0,0,No Group Cont,No Group Cont
2030220,S,1,30,1,NA,0,0,0,1,0,age20-60,Group Cont
2030221,S,0,0,1,NA,0,0,0,0,0,No Group Cont,No Group Cont
2030222,S,0,0,1,NA,0,0,0,0,0,No Group Cont,No Group Cont
2030223,S,0,0,1,NA,0,0,0,0,0,No Group Cont,No Group Cont
2030224,S,1,25,1,NA,1,0,0,0,0,age0-6,Group Cont
2030225,S,0,0,1,NA,0,0,0,0,0,No Group Cont,No Group Cont
2030226,S,0,0,1,NA,0,0,0,0,0,No Group Cont,No Group Cont
2030301,T,1,40,1,NA,0,0,0,1,1,age20-60,Group Cont
2030302,T,0,0,1,NA,0,0,0,0,0,No Group Cont,No Group Cont
2030303,T,0,0,1,NA,0,0,0,0,0,No Group Cont,No Group Cont
2030304,S,1,30,1,NA,0,0,1,1,0,age13-19,Group Cont
2030305,T,0,0,1,NA,0,0,0,0,0,No Group Cont,No Group Cont
2030306,T,0,0,1,NA,0,0,0,0,0,No Group Cont,No Group Cont
2030307,T,0,0,1,NA,0,0,0,0,0,No Group Cont,No Group Cont
2030308,T,0,0,1,NA,0,0,0,0,0,No Group Cont,No Group Cont
2030309,T,1,60,1,NA,0,0,0,0,1,age60-,Group Cont
2030310,T,0,0,1,NA,0,0,0,0,0,No Group Cont,No Group Cont
2030311,T,0,0,1,NA,0,0,0,0,0,No Group Cont,No Group Cont
2030312,T,1,40,1,NA,0,0,0,0,1,age60-,Group Cont
2030313,T,1,40,1,NA,0,0,0,0,1,age60-,Group Cont
2030314,T,1,20,1,NA,0,0,0,1,1,age20-60,Group Cont
2030315,S,0,0,1,NA,0,0,0,0,0,No Group Cont,No Group Cont
2030316,S,0,0,1,NA,0,0,0,0,0,No Group Cont,No Group Cont
2030317,S,0,0,1,NA,0,0,0,0,0,No Group Cont,No Group Cont
2030318,S,1,37,1,NA,0,1,0,0,0,age6-12,Group Cont
2030319,S,1,35,1,NA,0,0,1,0,1,age13-19,Group Cont
2030320,S,1,37,1,NA,0,0,1,0,0,age13-19,Group Cont
2030321,T,0,0,1,NA,0,0,0,0,0,No Group Cont,No Group Cont
2030322,T,0,0,1,NA,0,0,0,0,0,No Group Cont,No Group Cont
2030323,S,1,30,1,NA,1,0,0,0,0,age0-6,Group Cont
2030324,S,0,0,1,NA,0,0,0,0,0,No Group Cont,No Group Cont
2030325,S,0,0,1,NA,0,0,0,0,0,No Group Cont,No Group Cont
2030401,S,0,0,NA,NA,0,0,0,0,0,No Group Cont,No Group Cont
2030402,T,0,0,1,NA,0,0,0,0,0,No Group Cont,No Group Cont
2030403,T,0,0,1,NA,0,0,0,0,0,No Group Cont,No Group Cont
2030404,T,0,0,1,NA,0,0,0,0,0,No Group Cont,No Group Cont
2030405,T,0,0,1,NA,0,0,0,0,0,No Group Cont,No Group Cont
2030406,T,1,21,1,NA,0,0,0,1,0,age20-60,Group Cont
2030407,T,0,0,1,NA,0,0,0,0,0,No Group Cont,No Group Cont
2030408,T,0,0,1,NA,0,0,0,0,0,No Group Cont,No Group Cont
2030409,T,0,0,1,NA,0,0,0,0,0,No Group Cont,No Group Cont
2030410,S,1,38,1,NA,0,1,0,0,0,age6-12,Group Cont
2030411,T,0,0,1,NA,0,0,0,0,0,No Group Cont,No Group Cont
2030412,T,0,0,1,NA,0,0,0,0,0,No Group Cont,No Group Cont
2030413,S,0,0,1,NA,0,0,0,0,0,No Group Cont,No Group Cont
2030414,S,1,40,1,NA,0,0,1,0,0,age13-19,Group Cont
2030415,S,0,0,1,NA,0,0,0,0,0,No Group Cont,No Group Cont
2030416,T,1,21,1,NA,0,0,0,1,0,age20-60,Group Cont
2030417,S,0,0,1,NA,0,0,0,0,0,No Group Cont,No Group Cont
2030418,S,0,0,1,NA,0,0,0,0,0,No Group Cont,No Group Cont
2030419,S,0,0,1,NA,0,0,0,0,0,No Group Cont,No Group Cont
2030420,T,0,0,1,NA,0,0,0,0,0,No Group Cont,No Group Cont
2030421,S,0,0,1,NA,0,0,0,0,0,No Group Cont,No Group Cont
2030422,S,0,0,1,NA,0,0,0,0,0,No Group Cont,No Group Cont
2030423,S,0,0,1,NA,0,0,0,0,0,No Group Cont,No Group Cont
2030424,S,0,0,1,NA,0,0,0,0,0,No Group Cont,No Group Cont
2030425,S,0,0,1,NA,0,0,0,0,0,No Group Cont,No Group Cont
2040101,S,0,0,1,NA,0,0,0,0,0,No Group Cont,No Group Cont
2040102,S,0,0,1,NA,0,0,0,0,0,No Group Cont,No Group Cont
2040103,S,0,0,1,NA,0,0,0,0,0,No Group Cont,No Group Cont
2040104,S,1,20,1,NA,0,0,0,1,0,age20-60,Group Cont
2040105,S,1,20,1,NA,0,0,0,1,0,age20-60,Group Cont
2040106,S,1,20,1,NA,0,0,0,1,1,age20-60,Group Cont
2040107,S,1,22,1,NA,0,0,0,1,1,age20-60,Group Cont
2040108,S,0,0,1,NA,0,0,0,0,0,No Group Cont,No Group Cont
2040109,S,0,0,1,NA,0,0,0,0,0,No Group Cont,No Group Cont
2040110,S,1,35,1,NA,0,0,1,0,0,age13-19,Group Cont
2040111,S,1,24,1,NA,0,0,0,1,1,age20-60,Group Cont
2040112,S,1,35,1,NA,0,0,1,0,0,age13-19,Group Cont
2040113,S,0,0,1,NA,0,0,0,0,0,No Group Cont,No Group Cont
2040114,S,1,38,1,NA,0,0,1,0,0,age13-19,Group Cont
2040115,S,1,28,1,NA,0,0,0,1,1,age20-60,Group Cont
2040116,S,1,44,1,NA,0,0,1,0,0,age13-19,Group Cont
2040117,S,1,35,1,NA,0,0,0,1,1,age20-60,Group Cont
2040118,S,0,0,1,NA,0,0,0,0,0,No Group Cont,No Group Cont
2040119,S,0,0,1,NA,0,0,0,0,0,No Group Cont,No Group Cont
2040120,S,0,0,1,NA,0,0,0,0,0,No Group Cont,No Group Cont
2040121,S,0,0,1,NA,0,0,0,0,0,No Group Cont,No Group Cont
2040122,S,0,0,1,NA,0,0,0,0,0,No Group Cont,No Group Cont
2040123,S,0,0,1,NA,0,0,0,0,0,No Group Cont,No Group Cont
2040124,S,0,0,1,NA,0,0,0,0,0,No Group Cont,No Group Cont
2040125,S,0,0,1,NA,0,0,0,0,0,No Group Cont,No Group Cont
2040201,S,0,0,1,NA,0,0,0,0,0,No Group Cont,No Group Cont
2040202,S,0,0,1,NA,0,0,0,0,0,No Group Cont,No Group Cont
2040203,S,0,0,1,NA,0,0,0,0,0,No Group Cont,No Group Cont
2040204,T,1,30,1,NA,0,0,1,0,0,age13-19,Group Cont
2040205,S,1,45,1,NA,0,0,1,1,0,age13-19,Group Cont
2040206,T,1,25,1,NA,0,0,1,1,0,age13-19,Group Cont
2040207,T,1,100,NA,NA,0,0,0,1,0,age20-60,Group Cont
2040208,T,0,0,NA,NA,0,0,0,0,0,No Group Cont,No Group Cont
2040209,T,0,0,1,NA,0,0,0,0,0,No Group Cont,No Group Cont
2040210,T,0,0,1,NA,0,0,0,0,0,No Group Cont,No Group Cont
2040211,T,1,25,1,NA,0,0,0,1,0,age20-60,Group Cont
2040212,T,0,0,1,NA,0,0,0,0,0,No Group Cont,No Group Cont
2040213,T,0,0,1,NA,0,0,0,0,0,No Group Cont,No Group Cont
2040214,T,0,0,1,NA,0,0,0,0,0,No Group Cont,No Group Cont
2040215,T,1,20,1,NA,0,0,0,1,0,age20-60,Group Cont
2040216,T,1,25,1,NA,0,0,0,0,1,age60-,Group Cont
2040217,T,1,25,1,NA,0,0,0,1,1,age20-60,Group Cont
2040218,T,1,25,1,NA,0,0,0,1,1,age20-60,Group Cont
2040219,T,0,0,0,10,0,0,0,0,0,No Group Cont,No Group Cont
2040220,T,1,25,1,NA,0,0,0,1,1,age20-60,Group Cont
2040221,T,1,30,1,NA,0,0,0,1,0,age20-60,Group Cont
2040222,T,0,0,1,NA,0,0,0,0,0,No Group Cont,No Group Cont
2040223,T,0,0,1,NA,0,0,0,0,0,No Group Cont,No Group Cont
2040224,T,0,0,1,NA,0,0,0,0,0,No Group Cont,No Group Cont
2040225,T,0,0,1,NA,0,0,0,0,0,No Group Cont,No Group Cont
2040301,S,0,0,1,NA,0,0,0,0,0,No Group Cont,No Group Cont
2040302,S,0,0,1,NA,0,0,0,0,0,No Group Cont,No Group Cont
2040303,S,0,0,1,NA,0,0,0,0,0,No Group Cont,No Group Cont
2040304,S,1,30,1,NA,0,0,1,0,0,age13-19,Group Cont
2040305,S,1,30,0,2,0,0,1,0,0,age13-19,Group Cont
2040306,T,1,40,1,NA,0,0,0,1,0,age20-60,Group Cont
2040307,T,0,0,1,NA,0,0,0,0,0,No Group Cont,No Group Cont
2040308,T,1,60,1,NA,0,0,0,0,1,age60-,Group Cont
2040309,T,1,30,1,NA,1,1,1,1,1,age0-6,Group Cont
2040310,T,1,30,1,NA,0,0,1,1,0,age13-19,Group Cont
2040311,T,1,30,1,NA,0,0,0,1,1,age20-60,Group Cont
2040312,T,0,0,1,NA,0,0,0,0,0,No Group Cont,No Group Cont
2040313,S,1,30,1,NA,0,0,0,1,0,age20-60,Group Cont
2040314,T,1,40,1,NA,0,0,0,1,0,age20-60,Group Cont
2040315,T,1,35,1,NA,0,0,0,1,0,age20-60,Group Cont
2040316,T,1,25,1,NA,0,0,1,1,0,age13-19,Group Cont
2040317,S,1,30,1,NA,0,0,0,1,0,age20-60,Group Cont
2040318,T,1,50,1,NA,0,0,0,0,1,age60-,Group Cont
2040319,T,0,0,1,NA,0,0,0,0,0,No Group Cont,No Group Cont
2040320,T,0,0,1,NA,0,0,0,0,0,No Group Cont,No Group Cont
2040322,T,0,0,1,NA,0,0,0,0,0,No Group Cont,No Group Cont
2040323,T,0,0,0,3,0,0,0,0,0,No Group Cont,No Group Cont
2040324,S,0,0,1,NA,0,0,0,0,0,No Group Cont,No Group Cont
2040325,T,0,0,1,NA,0,0,0,0,0,No Group Cont,No Group Cont
2040401,S,0,0,1,NA,0,0,0,0,0,No Group Cont,No Group Cont
2040402,S,0,0,1,NA,0,0,0,0,0,No Group Cont,No Group Cont
2040403,S,0,0,1,NA,0,0,0,0,0,No Group Cont,No Group Cont
2040404,S,1,20,1,NA,0,0,0,1,0,age20-60,Group Cont
2040405,S,1,30,1,NA,0,0,1,1,0,age13-19,Group Cont
2040406,T,0,0,1,NA,0,0,0,0,0,No Group Cont,No Group Cont
2040407,T,1,35,1,NA,0,0,1,0,0,age13-19,Group Cont
2040408,S,0,0,1,NA,0,0,0,0,0,No Group Cont,No Group Cont
2040409,T,0,0,1,NA,0,0,0,0,0,No Group Cont,No Group Cont
2040410,T,0,0,0,3,0,0,0,0,0,No Group Cont,No Group Cont
2040411,T,1,20,0,10,1,1,1,1,1,age0-6,Group Cont
2040412,T,0,0,1,NA,0,0,0,0,0,No Group Cont,No Group Cont
2040413,S,0,0,1,NA,0,0,0,0,0,No Group Cont,No Group Cont
2040414,T,1,25,1,NA,0,0,0,0,1,age60-,Group Cont
2040415,T,1,20,1,NA,1,1,1,1,1,age0-6,Group Cont
2040416,T,0,0,0,5,0,0,0,0,0,No Group Cont,No Group Cont
2040417,S,0,0,1,NA,0,0,0,0,0,No Group Cont,No Group Cont
2040418,T,1,30,0,5,0,0,0,1,1,age20-60,Group Cont
2040419,T,1,40,0,5,0,0,0,1,1,age20-60,Group Cont
2040420,S,0,0,0,2,0,0,0,0,0,No Group Cont,No Group Cont
2040421,T,0,0,0,5,0,0,0,0,0,No Group Cont,No Group Cont
2040422,T,0,0,1,NA,0,0,0,0,0,No Group Cont,No Group Cont
2040423,S,0,0,1,NA,0,0,0,0,0,No Group Cont,No Group Cont
2040424,S,0,0,1,NA,0,0,0,0,0,No Group Cont,No Group Cont
2040425,T,0,0,1,NA,0,0,0,0,0,No Group Cont,No Group Cont
3010101,T,0,0,1,NA,0,0,0,0,0,No Group Cont,No Group Cont
3010102,T,0,0,NA,NA,0,0,0,0,0,No Group Cont,No Group Cont
3010103,T,1,50,1,NA,0,0,1,0,0,age13-19,Group Cont
3010104,T,1,30,NA,NA,0,0,1,0,0,age13-19,Group Cont
3010105,T,1,40,1,NA,0,0,1,0,0,age13-19,Group Cont
3010106,T,0,0,1,NA,0,0,0,0,0,No Group Cont,No Group Cont
3010107,T,0,0,1,NA,0,0,0,0,0,No Group Cont,No Group Cont
3010108,T,1,50,1,NA,1,1,0,0,1,age0-6,Group Cont
3010109,T,0,0,0,3,0,0,0,0,0,No Group Cont,No Group Cont
3010110,T,0,0,1,NA,0,0,0,0,0,No Group Cont,No Group Cont
3010111,T,1,30,1,NA,0,0,0,1,0,age20-60,Group Cont
3010112,T,0,0,1,NA,0,0,0,0,0,No Group Cont,No Group Cont
3010113,T,0,0,0,5,0,0,0,0,0,No Group Cont,No Group Cont
3010114,T,0,0,1,NA,0,0,0,0,0,No Group Cont,No Group Cont
3010115,T,0,0,1,NA,0,0,0,0,0,No Group Cont,No Group Cont
3010116,T,0,0,NA,NA,0,0,0,0,0,No Group Cont,No Group Cont
3010117,T,0,0,NA,NA,0,0,0,0,0,No Group Cont,No Group Cont
3010118,T,0,0,0,NA,0,0,0,0,0,No Group Cont,No Group Cont
3010119,T,1,50,0,20,0,0,0,1,0,age20-60,Group Cont
3010120,T,0,0,1,NA,0,0,0,0,0,No Group Cont,No Group Cont
3010121,T,0,0,1,NA,0,0,0,0,0,No Group Cont,No Group Cont
3010122,T,0,0,1,NA,0,0,0,0,0,No Group Cont,No Group Cont
3010123,T,0,0,1,NA,0,0,0,0,0,No Group Cont,No Group Cont
3010124,T,0,0,1,NA,0,0,0,0,0,No Group Cont,No Group Cont
3010125,T,0,0,1,NA,0,0,0,0,0,No Group Cont,No Group Cont
3010201,T,1,20,1,NA,1,1,0,0,0,age0-6,Group Cont
3010202,T,0,0,0,NA,0,0,0,0,0,No Group Cont,No Group Cont
3010203,T,1,30,1,NA,0,0,1,0,0,age13-19,Group Cont
3010204,T,0,0,1,NA,0,0,0,0,0,No Group Cont,No Group Cont
3010205,T,1,25,1,NA,0,1,1,0,0,age6-12,Group Cont
3010206,T,1,100,1,NA,1,1,1,1,1,age0-6,Group Cont
3010208,T,1,40,1,NA,0,1,1,1,1,age6-12,Group Cont
3010209,T,1,100,1,NA,1,1,1,1,1,age0-6,Group Cont
3010210,T,1,33,1,NA,0,0,1,1,1,age13-19,Group Cont
3010211,T,1,22,1,NA,0,0,1,1,0,age13-19,Group Cont
3010212,T,1,20,1,NA,0,0,0,1,0,age20-60,Group Cont
3010213,T,1,40,1,NA,0,0,1,1,0,age13-19,Group Cont
3010214,T,1,30,1,NA,0,0,1,1,1,age13-19,Group Cont
3010215,T,1,32,1,NA,0,0,0,0,1,age60-,Group Cont
3010216,T,0,0,1,NA,0,0,0,0,0,No Group Cont,No Group Cont
3010217,T,1,40,1,NA,0,1,1,1,1,age6-12,Group Cont
3010218,T,1,20,1,NA,0,0,0,1,1,age20-60,Group Cont
3010219,T,1,35,1,NA,0,0,0,0,1,age60-,Group Cont
3010221,T,0,0,1,NA,0,0,0,0,0,No Group Cont,No Group Cont
3010222,T,0,0,1,NA,0,0,0,0,0,No Group Cont,No Group Cont
3010223,T,0,0,1,NA,0,0,0,0,0,No Group Cont,No Group Cont
3010224,T,0,0,1,NA,0,0,0,0,0,No Group Cont,No Group Cont
3010225,T,0,0,1,NA,0,0,0,0,0,No Group Cont,No Group Cont
3010301,T,0,0,1,NA,0,0,0,0,0,No Group Cont,No Group Cont
3010302,T,0,0,NA,NA,0,0,0,0,0,No Group Cont,No Group Cont
3010303,T,1,50,1,NA,0,0,0,1,0,age20-60,Group Cont
3010305,T,0,0,1,NA,0,0,0,0,0,No Group Cont,No Group Cont
3010306,T,0,0,1,NA,0,0,0,0,0,No Group Cont,No Group Cont
3010307,T,1,40,1,NA,0,0,0,1,1,age20-60,Group Cont
3010308,T,0,0,1,NA,0,0,0,0,0,No Group Cont,No Group Cont
3010309,T,0,0,1,NA,0,0,0,0,0,No Group Cont,No Group Cont
3010310,T,1,20,1,NA,0,0,0,1,0,age20-60,Group Cont
3010311,T,0,0,1,NA,0,0,0,0,0,No Group Cont,No Group Cont
3010312,T,0,0,1,NA,0,0,0,0,0,No Group Cont,No Group Cont
3010313,T,1,30,1,NA,0,0,0,1,0,age20-60,Group Cont
3010314,T,0,0,1,NA,0,0,0,0,0,No Group Cont,No Group Cont
3010315,T,1,25,1,NA,0,0,0,1,0,age20-60,Group Cont
3010316,T,0,0,1,NA,0,0,0,0,0,No Group Cont,No Group Cont
3010317,T,0,0,1,NA,0,0,0,0,0,No Group Cont,No Group Cont
3010318,T,0,0,1,NA,0,0,0,0,0,No Group Cont,No Group Cont
3010319,T,0,0,1,NA,0,0,0,0,0,No Group Cont,No Group Cont
3010320,T,0,0,1,NA,0,0,0,0,0,No Group Cont,No Group Cont
3010321,T,0,0,1,NA,0,0,0,0,0,No Group Cont,No Group Cont
3010322,S,1,21,1,NA,0,0,0,0,1,age60-,Group Cont
3010323,T,0,0,1,NA,0,0,0,0,0,No Group Cont,No Group Cont
3010324,S,0,0,NA,NA,0,0,0,0,0,No Group Cont,No Group Cont
3010325,S,0,0,NA,NA,0,0,0,0,0,No Group Cont,No Group Cont
3010401,T,1,30,1,NA,0,1,0,0,0,age6-12,Group Cont
3010402,T,1,20,1,NA,0,1,0,0,0,age6-12,Group Cont
3010403,T,1,27,1,NA,0,0,1,0,0,age13-19,Group Cont
3010404,T,0,0,1,NA,0,0,0,0,0,No Group Cont,No Group Cont
3010405,T,0,0,1,NA,0,0,0,0,0,No Group Cont,No Group Cont
3010406,T,0,0,1,NA,0,0,0,0,0,No Group Cont,No Group Cont
3010407,T,1,20,1,NA,0,0,0,1,0,age20-60,Group Cont
3010408,T,0,0,1,NA,0,0,0,0,0,No Group Cont,No Group Cont
3010409,T,0,0,1,NA,0,0,0,0,0,No Group Cont,No Group Cont
3010410,T,0,0,1,NA,0,0,0,0,0,No Group Cont,No Group Cont
3010411,T,0,0,1,NA,0,0,0,0,0,No Group Cont,No Group Cont
3010412,T,0,0,1,NA,0,0,0,0,0,No Group Cont,No Group Cont
3010413,T,1,25,1,NA,0,0,0,1,0,age20-60,Group Cont
3010414,T,0,0,1,NA,0,0,0,0,0,No Group Cont,No Group Cont
3010415,T,1,25,1,NA,0,0,0,1,0,age20-60,Group Cont
3010416,T,1,30,1,NA,0,0,1,1,1,age13-19,Group Cont
3010417,T,0,0,1,NA,0,0,0,0,0,No Group Cont,No Group Cont
3010418,T,0,0,1,NA,0,0,0,0,0,No Group Cont,No Group Cont
3010419,T,0,0,1,NA,0,0,0,0,0,No Group Cont,No Group Cont
3010420,T,0,0,1,NA,0,0,0,0,0,No Group Cont,No Group Cont
3010421,T,0,0,1,NA,0,0,0,0,0,No Group Cont,No Group Cont
3010422,T,0,0,1,NA,0,0,0,0,0,No Group Cont,No Group Cont
3010423,T,0,0,1,NA,0,0,0,0,0,No Group Cont,No Group Cont
3010424,T,0,0,1,NA,0,0,0,0,0,No Group Cont,No Group Cont
3010425,T,0,0,1,NA,0,0,0,0,0,No Group Cont,No Group Cont
3020101,T,1,35,1,NA,0,1,0,0,0,age6-12,Group Cont
3020102,T,1,25,1,NA,0,1,0,0,0,age6-12,Group Cont
3020103,T,0,0,0,5,0,0,0,0,0,No Group Cont,No Group Cont
3020104,T,0,0,1,NA,0,0,0,0,0,No Group Cont,No Group Cont
3020105,T,0,0,NA,NA,0,0,0,0,0,No Group Cont,No Group Cont
3020106,T,0,0,1,NA,0,0,0,0,0,No Group Cont,No Group Cont
3020107,T,1,40,NA,NA,0,0,0,1,0,age20-60,Group Cont
3020108,T,0,0,1,NA,0,0,0,0,0,No Group Cont,No Group Cont
3020109,T,1,30,1,NA,0,0,1,1,0,age13-19,Group Cont
3020110,T,0,0,1,NA,0,0,0,0,0,No Group Cont,No Group Cont
3020111,T,0,0,NA,NA,0,0,0,0,0,No Group Cont,No Group Cont
3020112,T,0,0,1,NA,0,0,0,0,0,No Group Cont,No Group Cont
3020113,T,0,0,1,NA,0,0,0,0,0,No Group Cont,No Group Cont
3020114,T,0,0,0,5,0,0,0,0,0,No Group Cont,No Group Cont
3020115,T,1,30,0,5,1,1,1,1,1,age0-6,Group Cont
3020116,T,1,30,1,NA,1,1,1,1,1,age0-6,Group Cont
3020117,T,0,0,1,NA,0,0,0,0,0,No Group Cont,No Group Cont
3020118,T,0,0,0,5,0,0,0,0,0,No Group Cont,No Group Cont
3020119,T,0,0,1,NA,0,0,0,0,0,No Group Cont,No Group Cont
3020120,T,0,0,1,NA,0,0,0,0,0,No Group Cont,No Group Cont
3020121,T,0,0,1,NA,0,0,0,0,0,No Group Cont,No Group Cont
3020122,T,0,0,0,3,0,0,0,0,0,No Group Cont,No Group Cont
3020123,T,0,0,1,NA,0,0,0,0,0,No Group Cont,No Group Cont
3020124,T,0,0,1,NA,0,0,0,0,0,No Group Cont,No Group Cont
3020125,T,0,0,NA,NA,0,0,0,0,0,No Group Cont,No Group Cont
3020201,T,0,0,1,NA,0,0,0,0,0,No Group Cont,No Group Cont
3020202,T,0,0,1,NA,0,0,0,0,0,No Group Cont,No Group Cont
3020203,T,0,0,1,NA,0,0,0,0,0,No Group Cont,No Group Cont
3020204,T,0,0,1,NA,0,0,0,0,0,No Group Cont,No Group Cont
3020205,T,1,25,1,NA,0,0,1,0,0,age13-19,Group Cont
3020206,T,0,0,1,NA,0,0,0,0,0,No Group Cont,No Group Cont
3020207,T,1,40,1,NA,0,0,0,1,0,age20-60,Group Cont
3020208,T,1,30,1,NA,0,0,1,1,0,age13-19,Group Cont
3020209,T,1,35,1,NA,0,0,0,1,0,age20-60,Group Cont
3020210,T,1,50,1,NA,0,0,0,1,1,age20-60,Group Cont
3020211,T,1,32,1,NA,0,0,1,1,0,age13-19,Group Cont
3020212,T,0,0,1,NA,0,0,0,0,0,No Group Cont,No Group Cont
3020213,T,1,20,1,NA,0,0,0,1,1,age20-60,Group Cont
3020214,T,1,30,1,NA,0,0,0,1,0,age20-60,Group Cont
3020215,T,1,30,1,NA,0,0,1,1,0,age13-19,Group Cont
3020216,T,0,0,1,NA,0,0,0,0,0,No Group Cont,No Group Cont
3020217,T,0,0,1,NA,0,0,0,0,0,No Group Cont,No Group Cont
3020218,T,1,35,1,NA,0,0,1,1,1,age13-19,Group Cont
3020219,T,1,25,1,NA,0,0,0,1,0,age20-60,Group Cont
3020220,T,0,0,1,NA,0,0,0,0,0,No Group Cont,No Group Cont
3020221,T,0,0,1,NA,0,0,0,0,0,No Group Cont,No Group Cont
3020222,T,0,0,1,NA,0,0,0,0,0,No Group Cont,No Group Cont
3020223,T,0,0,1,NA,0,0,0,0,0,No Group Cont,No Group Cont
3020224,T,0,0,1,NA,0,0,0,0,0,No Group Cont,No Group Cont
3020225,T,0,0,1,NA,0,0,0,0,0,No Group Cont,No Group Cont
3020301,T,1,40,1,NA,0,1,0,1,0,age6-12,Group Cont
3020302,T,1,36,1,NA,0,1,0,1,0,age6-12,Group Cont
3020303,T,1,43,1,NA,0,0,1,1,0,age13-19,Group Cont
3020304,T,0,0,1,NA,0,0,0,0,0,No Group Cont,No Group Cont
3020305,T,1,50,1,NA,0,1,1,1,0,age6-12,Group Cont
3020306,T,0,0,1,NA,0,0,0,0,0,No Group Cont,No Group Cont
3020307,T,0,0,1,NA,0,0,0,0,0,No Group Cont,No Group Cont
3020308,T,1,38,1,NA,0,0,0,1,1,age20-60,Group Cont
3020309,T,0,0,1,NA,0,0,0,0,0,No Group Cont,No Group Cont
3020310,T,0,0,1,NA,0,0,0,0,0,No Group Cont,No Group Cont
3020311,T,0,0,1,NA,0,0,0,0,0,No Group Cont,No Group Cont
3020312,T,0,0,1,NA,0,0,0,0,0,No Group Cont,No Group Cont
3020313,T,1,45,1,NA,1,1,1,1,1,age0-6,Group Cont
3020314,T,0,0,1,NA,0,0,0,0,0,No Group Cont,No Group Cont
3020315,T,0,0,1,NA,0,0,0,0,0,No Group Cont,No Group Cont
3020316,T,0,0,1,NA,0,0,0,0,0,No Group Cont,No Group Cont
3020317,T,0,0,1,NA,0,0,0,0,0,No Group Cont,No Group Cont
3020318,T,0,0,1,NA,0,0,0,0,0,No Group Cont,No Group Cont
3020319,T,1,50,1,NA,0,0,1,1,1,age13-19,Group Cont
3020320,T,0,0,1,NA,0,0,0,0,0,No Group Cont,No Group Cont
3020321,T,1,40,1,NA,0,0,0,1,1,age20-60,Group Cont
3020322,T,0,0,1,NA,0,0,0,0,0,No Group Cont,No Group Cont
3020323,T,0,0,1,NA,0,0,0,0,0,No Group Cont,No Group Cont
3020324,T,1,30,1,NA,0,0,0,0,1,age60-,Group Cont
3020325,T,0,0,1,NA,0,0,0,0,0,No Group Cont,No Group Cont
3020401,T,1,22,1,NA,1,1,0,0,0,age0-6,Group Cont
3020402,T,1,25,1,NA,0,1,0,0,0,age6-12,Group Cont
3020403,T,1,50,1,NA,0,0,1,0,0,age13-19,Group Cont
3020404,T,1,35,1,NA,0,0,1,0,0,age13-19,Group Cont
3020405,T,0,0,1,NA,0,0,0,0,0,No Group Cont,No Group Cont
3020406,T,1,40,1,NA,0,0,0,1,0,age20-60,Group Cont
3020407,T,1,40,1,NA,0,0,0,1,0,age20-60,Group Cont
3020408,T,1,45,1,NA,0,0,1,1,0,age13-19,Group Cont
3020409,T,0,0,1,NA,0,0,0,0,0,No Group Cont,No Group Cont
3020410,T,1,100,1,NA,0,0,0,1,0,age20-60,Group Cont
3020411,T,1,30,1,NA,0,0,0,1,1,age20-60,Group Cont
3020412,T,0,0,1,NA,0,0,0,0,0,No Group Cont,No Group Cont
3020413,T,0,0,1,NA,0,0,0,0,0,No Group Cont,No Group Cont
3020414,T,0,0,1,NA,0,0,0,0,0,No Group Cont,No Group Cont
3020415,T,0,0,1,NA,0,0,0,0,0,No Group Cont,No Group Cont
3020416,T,0,0,1,NA,0,0,0,0,0,No Group Cont,No Group Cont
3020417,T,0,0,1,NA,0,0,0,0,0,No Group Cont,No Group Cont
3020418,T,0,0,1,NA,0,0,0,0,0,No Group Cont,No Group Cont
3020419,T,0,0,1,NA,0,0,0,0,0,No Group Cont,No Group Cont
3020420,T,0,0,1,NA,0,0,0,0,0,No Group Cont,No Group Cont
3020421,T,0,0,1,NA,0,0,0,0,0,No Group Cont,No Group Cont
3020422,T,0,0,1,NA,0,0,0,0,0,No Group Cont,No Group Cont
3020423,T,0,0,1,NA,0,0,0,0,0,No Group Cont,No Group Cont
3020424,T,0,0,1,NA,0,0,0,0,0,No Group Cont,No Group Cont
3020425,T,0,0,1,NA,0,0,0,0,0,No Group Cont,No Group Cont
3030101,T,0,0,0,10,0,0,0,0,0,No Group Cont,No Group Cont
3030102,T,0,0,0,5,0,0,0,0,0,No Group Cont,No Group Cont
3030103,T,1,20,1,NA,0,1,1,1,0,age6-12,Group Cont
3030104,T,0,0,1,NA,0,0,0,0,0,No Group Cont,No Group Cont
3030105,T,1,50,1,NA,0,0,1,1,0,age13-19,Group Cont
3030106,T,1,100,1,NA,0,0,0,1,1,age20-60,Group Cont
3030107,T,1,50,0,20,0,0,0,1,1,age20-60,Group Cont
3030108,T,0,0,1,NA,0,0,0,0,0,No Group Cont,No Group Cont
3030109,T,0,0,1,NA,0,0,0,0,0,No Group Cont,No Group Cont
3030110,T,0,0,1,NA,0,0,0,0,0,No Group Cont,No Group Cont
3030111,T,0,0,1,NA,0,0,0,0,0,No Group Cont,No Group Cont
3030112,T,0,0,1,NA,0,0,0,0,0,No Group Cont,No Group Cont
3030113,T,0,0,1,NA,0,0,0,0,0,No Group Cont,No Group Cont
3030114,T,0,0,1,NA,0,0,0,0,0,No Group Cont,No Group Cont
3030115,T,0,0,1,NA,0,0,0,0,0,No Group Cont,No Group Cont
3030116,T,0,0,1,NA,0,0,0,0,0,No Group Cont,No Group Cont
3030117,T,0,0,1,NA,0,0,0,0,0,No Group Cont,No Group Cont
3030118,T,1,45,1,NA,0,1,1,1,1,age6-12,Group Cont
3030119,T,0,0,1,NA,0,0,0,0,0,No Group Cont,No Group Cont
3030120,T,0,0,1,NA,0,0,0,0,0,No Group Cont,No Group Cont
3030121,T,0,0,1,NA,0,0,0,0,0,No Group Cont,No Group Cont
3030122,T,0,0,1,NA,0,0,0,0,0,No Group Cont,No Group Cont
3030123,T,0,0,NA,NA,0,0,0,0,0,No Group Cont,No Group Cont
3030124,T,1,20,1,NA,0,0,0,0,1,age60-,Group Cont
3030125,T,0,0,1,NA,0,0,0,0,0,No Group Cont,No Group Cont
3030201,T,1,25,1,NA,1,0,0,0,0,age0-6,Group Cont
3030202,T,0,0,1,NA,0,0,0,0,0,No Group Cont,No Group Cont
3030203,T,0,0,1,NA,0,0,0,0,0,No Group Cont,No Group Cont
3030204,T,1,30,1,NA,0,0,1,0,0,age13-19,Group Cont
3030205,T,1,25,1,NA,0,1,1,0,0,age6-12,Group Cont
3030206,T,1,30,1,NA,0,0,0,1,0,age20-60,Group Cont
3030207,T,0,0,1,NA,0,0,0,0,0,No Group Cont,No Group Cont
3030208,T,0,0,1,NA,0,0,0,0,0,No Group Cont,No Group Cont
3030209,T,0,0,1,NA,0,0,0,0,0,No Group Cont,No Group Cont
3030210,T,1,50,1,NA,1,1,1,1,1,age0-6,Group Cont
3030211,T,1,25,1,NA,0,0,1,1,0,age13-19,Group Cont
3030212,T,1,50,1,NA,0,0,1,1,0,age13-19,Group Cont
3030213,T,1,40,1,NA,0,0,1,1,0,age13-19,Group Cont
3030214,T,1,25,1,NA,0,0,0,1,1,age20-60,Group Cont
3030215,T,1,40,1,NA,1,1,1,1,1,age0-6,Group Cont
3030216,T,0,0,1,NA,0,0,0,0,0,No Group Cont,No Group Cont
3030217,T,1,50,1,NA,1,1,1,1,1,age0-6,Group Cont
3030218,T,0,0,1,NA,0,0,0,0,0,No Group Cont,No Group Cont
3030219,T,0,0,1,NA,0,0,0,0,0,No Group Cont,No Group Cont
3030220,T,0,0,1,NA,0,0,0,0,0,No Group Cont,No Group Cont
3030221,T,0,0,1,NA,0,0,0,0,0,No Group Cont,No Group Cont
3030222,T,1,30,1,NA,0,0,0,1,1,age20-60,Group Cont
3030223,T,0,0,1,NA,0,0,0,0,0,No Group Cont,No Group Cont
3030224,T,0,0,1,NA,0,0,0,0,0,No Group Cont,No Group Cont
3030225,T,0,0,1,NA,0,0,0,0,0,No Group Cont,No Group Cont
3030301,T,1,25,1,NA,0,1,0,0,0,age6-12,Group Cont
3030302,T,0,0,1,NA,0,0,0,0,0,No Group Cont,No Group Cont
3030303,T,0,0,1,NA,0,0,0,0,0,No Group Cont,No Group Cont
3030304,T,0,0,1,NA,0,0,0,0,0,No Group Cont,No Group Cont
3030305,T,1,25,1,NA,0,1,0,0,0,age6-12,Group Cont
3030306,T,0,0,1,NA,0,0,0,0,0,No Group Cont,No Group Cont
3030307,T,1,30,1,NA,0,0,0,1,1,age20-60,Group Cont
3030308,T,1,25,1,NA,0,0,0,1,1,age20-60,Group Cont
3030309,T,1,35,1,NA,0,0,1,1,0,age13-19,Group Cont
3030310,T,0,0,1,NA,0,0,0,0,0,No Group Cont,No Group Cont
3030311,T,1,25,1,NA,0,0,0,1,0,age20-60,Group Cont
3030312,T,0,0,1,NA,0,0,0,0,0,No Group Cont,No Group Cont
3030313,T,0,0,1,NA,0,0,0,0,0,No Group Cont,No Group Cont
3030314,T,1,20,1,NA,0,0,0,1,0,age20-60,Group Cont
3030315,T,1,35,1,NA,0,0,1,1,1,age13-19,Group Cont
3030316,T,0,0,1,NA,0,0,0,0,0,No Group Cont,No Group Cont
3030317,T,1,30,1,NA,0,0,1,1,0,age13-19,Group Cont
3030318,T,0,0,1,NA,0,0,0,0,0,No Group Cont,No Group Cont
3030319,T,1,20,1,NA,0,0,0,1,1,age20-60,Group Cont
3030320,T,0,0,1,NA,0,0,0,0,0,No Group Cont,No Group Cont
3030321,T,1,30,1,NA,0,0,0,0,1,age60-,Group Cont
3030322,T,0,0,1,NA,0,0,0,0,0,No Group Cont,No Group Cont
3030323,T,1,20,1,NA,0,0,0,0,1,age60-,Group Cont
3030324,T,0,0,1,NA,0,0,0,0,0,No Group Cont,No Group Cont
3030325,T,0,0,1,NA,0,0,0,0,0,No Group Cont,No Group Cont
3030401,T,1,40,1,NA,1,0,0,1,0,age0-6,Group Cont
3030402,T,1,30,1,NA,1,0,0,1,0,age0-6,Group Cont
3030403,T,0,0,1,NA,0,0,0,0,0,No Group Cont,No Group Cont
3030404,T,1,40,1,NA,0,0,1,1,0,age13-19,Group Cont
3030405,T,1,40,1,NA,0,0,1,1,0,age13-19,Group Cont
3030406,T,0,0,1,NA,0,0,0,0,0,No Group Cont,No Group Cont
3030407,T,0,0,1,NA,0,0,0,0,0,No Group Cont,No Group Cont
3030408,T,0,0,1,NA,0,0,0,0,0,No Group Cont,No Group Cont
3030409,T,0,0,1,NA,0,0,0,0,0,No Group Cont,No Group Cont
3030410,T,0,0,1,NA,0,0,0,0,0,No Group Cont,No Group Cont
3030411,T,0,0,1,NA,0,0,0,0,0,No Group Cont,No Group Cont
3030412,T,1,55,1,NA,0,0,0,1,0,age20-60,Group Cont
3030413,T,1,35,1,NA,0,0,0,1,0,age20-60,Group Cont
3030414,T,1,25,1,NA,0,0,0,1,0,age20-60,Group Cont
3030415,T,1,100,1,NA,0,1,1,1,1,age6-12,Group Cont
3030416,T,0,0,1,NA,0,0,0,0,0,No Group Cont,No Group Cont
3030417,T,0,0,1,NA,0,0,0,0,0,No Group Cont,No Group Cont
3030418,T,0,0,1,NA,0,0,0,0,0,No Group Cont,No Group Cont
3030419,T,0,0,1,NA,0,0,0,0,0,No Group Cont,No Group Cont
3030420,T,0,0,1,NA,0,0,0,0,0,No Group Cont,No Group Cont
3030421,T,1,50,1,NA,0,0,0,1,1,age20-60,Group Cont
3030422,T,0,0,1,NA,0,0,0,0,0,No Group Cont,No Group Cont
3030423,T,0,0,1,NA,0,0,0,0,0,No Group Cont,No Group Cont
3030424,T,0,0,1,NA,0,0,0,0,0,No Group Cont,No Group Cont
3030425,T,0,0,1,NA,0,0,0,0,0,No Group Cont,No Group Cont
